{
  "granularities": [
    [
      64,
      128,
      16
    ],
    [
      64,
      128,
      16
    ],
    [
      64,
      128,
      16
    ],
    [
      64,
      128,
      16
    ],
    [
      64,
      128,
      16
    ],
    [
      128,
      128,
      16
    ],
    [
      64,
      128,
      16
    ],
    [
      64,
      128,
      16
    ],
    [
      64,
      128,
      16
    ],
    [
      64,
      128,
      16
    ],
    [
      128,
      128,
      64
    ],
    [
      128,
      128,
      64
    ],
    [
      128,
      128,
      64
    ],
    [
      128,
      128,
      16
    ],
    [
      64,
      128,
      16
    ],
    [
      128,
      128,
      16
    ]
  ],
  "subgraph_latencies": [
    42270.71999999988,
    42270.71999999988,
    42270.71999999988,
    42270.71999999988,
    41943.03999999988,
    42926.07999999989,
    42270.71999999988,
    42270.71999999988,
    42270.71999999988,
    41943.03999999988,
    42270.71999999996,
    42270.71999999996,
    42270.71999999996,
    42926.07999999989,
    41943.03999999988,
    42926.07999999989
  ],
  "subgraphs": [
    [
      6,
      7,
      8
    ],
    [
      18,
      19,
      20
    ],
    [
      3,
      4,
      5
    ],
    [
      45,
      46,
      47
    ],
    [
      9,
      10,
      11
    ],
    [
      0,
      1,
      2,
      48,
      49,
      50
    ],
    [
      36,
      37,
      38
    ],
    [
      27,
      28,
      29
    ],
    [
      33,
      34,
      35
    ],
    [
      12,
      13,
      14
    ],
    [
      15,
      16,
      17,
      51,
      52
    ],
    [
      53,
      21,
      22,
      23,
      54
    ],
    [
      24,
      25,
      26,
      55,
      56
    ],
    [
      30,
      31,
      32,
      57,
      58,
      59
    ],
    [
      39,
      40,
      41
    ],
    [
      60,
      42,
      43,
      44,
      61,
      62
    ]
  ],
  "tensors_to_retain": [
    [],
    [],
    [],
    [],
    [
      45
    ],
    [],
    [],
    [],
    [],
    [
      48
    ],
    [
      86
    ],
    [
      88
    ],
    [
      90
    ],
    [],
    [
      75
    ],
    []
  ],
  "traversal_orders": [
    [
      0,
      1
    ],
    [
      0,
      1
    ],
    [
      0,
      1
    ],
    [
      0,
      1
    ],
    [
      0,
      1
    ],
    [
      0
    ],
    [
      0,
      1
    ],
    [
      0,
      1
    ],
    [
      0,
      1
    ],
    [
      0,
      1
    ],
    [
      0
    ],
    [
      0
    ],
    [
      0
    ],
    [
      0
    ],
    [
      0,
      1
    ],
    [
      0
    ]
  ]
}
