{
  "granularities": [
    [
      64,
      128,
      16
    ],
    [
      64,
      128,
      16
    ],
    [
      64,
      128,
      16
    ],
    [
      64,
      128,
      16
    ],
    [
      64,
      128,
      16
    ],
    [
      128,
      128,
      64
    ],
    [
      64,
      128,
      16
    ],
    [
      128,
      128,
      64
    ],
    [
      64,
      128,
      1
    ],
    [
      64,
      128,
      16
    ],
    [
      128,
      128,
      64
    ],
    [
      64,
      128,
      16
    ],
    [
      128,
      128,
      64
    ],
    [
      64,
      128,
      16
    ],
    [
      128,
      128,
      64
    ],
    [
      128,
      128,
      64
    ],
    [
      128,
      128,
      16
    ]
  ],
  "subgraph_latencies": [
    41943.03999999988,
    41943.03999999988,
    41943.03999999988,
    41943.03999999988,
    41943.03999999988,
    42641.254999999954,
    41943.03999999988,
    42270.71999999996,
    327.68,
    41943.03999999988,
    42641.254999999954,
    41943.03999999988,
    42270.71999999996,
    41943.03999999988,
    42270.71999999996,
    41943.03999999996,
    42926.07999999989
  ],
  "subgraphs": [
    [
      24,
      25,
      26
    ],
    [
      18,
      19,
      20
    ],
    [
      9,
      10,
      11
    ],
    [
      3,
      4,
      5
    ],
    [
      6,
      7,
      8
    ],
    [
      0,
      1,
      2,
      48,
      49,
      50
    ],
    [
      15,
      16,
      17
    ],
    [
      12,
      13,
      14,
      51,
      52
    ],
    [
      53
    ],
    [
      27,
      28,
      29
    ],
    [
      21,
      22,
      23,
      54,
      55,
      56
    ],
    [
      42,
      43,
      44
    ],
    [
      30,
      31,
      32,
      57
    ],
    [
      45,
      46,
      47
    ],
    [
      33,
      34,
      35,
      58
    ],
    [
      36,
      37,
      38,
      59
    ],
    [
      39,
      40,
      41,
      60,
      61,
      62
    ]
  ],
  "tensors_to_retain": [
    [
      60
    ],
    [
      54
    ],
    [
      45
    ],
    [
      39
    ],
    [
      42
    ],
    [
      84
    ],
    [
      51
    ],
    [
      86
    ],
    [
      87
    ],
    [
      63
    ],
    [
      90
    ],
    [
      78
    ],
    [
      91
    ],
    [
      81
    ],
    [
      92
    ],
    [
      93
    ],
    []
  ],
  "traversal_orders": [
    [
      0,
      1
    ],
    [
      0,
      1
    ],
    [
      0,
      1
    ],
    [
      0,
      1
    ],
    [
      0,
      1
    ],
    [
      0
    ],
    [
      0,
      1
    ],
    [
      0
    ],
    null,
    [
      0,
      1
    ],
    [
      0
    ],
    [
      0,
      1
    ],
    [
      0
    ],
    [
      0,
      1
    ],
    [
      0
    ],
    [
      0
    ],
    [
      0
    ]
  ]
}
