{
  "granularities": [
    [
      128,
      64,
      32
    ],
    [
      128,
      32,
      128
    ],
    [
      128,
      64,
      32
    ],
    [
      128,
      32,
      128
    ],
    [
      128,
      64,
      32
    ],
    [
      128,
      32,
      128
    ]
  ],
  "subgraph_latencies": [
    167943.53333333333,
    27306.666666666668,
    167943.53333333333,
    36044.799999999996,
    167943.53333333333,
    36284.53333333333
  ],
  "subgraphs": [
    [
      0,
      1,
      2
    ],
    [
      3,
      4
    ],
    [
      5,
      6,
      7
    ],
    [
      8,
      9,
      15
    ],
    [
      10,
      11,
      12
    ],
    [
      13,
      14,
      16,
      17,
      18
    ]
  ],
  "tensors_to_retain": [
    [],
    [],
    [],
    [],
    [],
    []
  ],
  "traversal_orders": [
    [
      0,
      1,
      2,
      3,
      4,
      5,
      6,
      7,
      8,
      9,
      10,
      11,
      12,
      13,
      14,
      15
    ],
    [
      0,
      1,
      2,
      3,
      4,
      5,
      6,
      7,
      8,
      9,
      10,
      11,
      12,
      13,
      14,
      15,
      16,
      17,
      18,
      19,
      20,
      21,
      22,
      23,
      24,
      25,
      26,
      27,
      28,
      29,
      30,
      31
    ],
    [
      0,
      1,
      2,
      3,
      4,
      5,
      6,
      7,
      8,
      9,
      10,
      11,
      12,
      13,
      14,
      15
    ],
    [
      0,
      1,
      2,
      3,
      4,
      5,
      6,
      7,
      8,
      9,
      10,
      11,
      12,
      13,
      14,
      15,
      16,
      17,
      18,
      19,
      20,
      21,
      22,
      23,
      24,
      25,
      26,
      27,
      28,
      29,
      30,
      31
    ],
    [
      0,
      1,
      2,
      3,
      4,
      5,
      6,
      7,
      8,
      9,
      10,
      11,
      12,
      13,
      14,
      15
    ],
    [
      0,
      1,
      2,
      3,
      4,
      5,
      6,
      7,
      8,
      9,
      10,
      11,
      12,
      13,
      14,
      15,
      16,
      17,
      18,
      19,
      20,
      21,
      22,
      23,
      24,
      25,
      26,
      27,
      28,
      29,
      30,
      31
    ]
  ]
}
